model_code|version_code|version_name|color_code|color_name|color_type|color_fee_vnd|interior_code|interior_name|source_url
VF 2|TH14V|TieuChuan|CE17|Desat Silver|Cơ bản|0|CI1M|Grey|model_data/variants/vinfast_color.csv
VF 2|TH14V|TieuChuan|CE2G|Sky Blue|Nâng cao|8000000|CI1M|Grey|model_data/variants/vinfast_color.csv
VF 2|TH14V|TieuChuan|CE2Q|Solar Ruby|Cơ bản|0|CI1M|Grey|model_data/variants/vinfast_color.csv
VF 2|TH14V|TieuChuan|CE18|Infinity Blanc|Cơ bản|0|CI1M|Grey|model_data/variants/vinfast_color.csv
VF 2|TH14V|TieuChuan|CE2T|Be Pebble|Nâng cao|8000000|CI1M|Grey|model_data/variants/vinfast_color.csv
VF 2|TH14V|TieuChuan|CE1W|Urban Mint|Nâng cao|8000000|CI1M|Grey|model_data/variants/vinfast_color.csv
VF 2|TH14V|TieuChuan|CE1U|Yellow|Nâng cao|8000000|CI1M|Grey|model_data/variants/vinfast_color.csv
VF 2|TH14V|TieuChuan|CE21|Rose Pink|Nâng cao|8000000|CI1M|Grey|model_data/variants/vinfast_color.csv
VF 3|TI1CV|Eco|CE2Q|Solar Ruby|Cơ bản|0|CI11|Black|model_data/variants/vinfast_color.csv
VF 3|TI1CV|Eco|181U|Summer Yellow Body - Infinity Blanc Roof|Nâng cao|8000000|CI11|Black|model_data/variants/vinfast_color.csv
VF 3|TI1CV|Eco|181Y|Sky Blue - Infinity Blanc Roof|Nâng cao|8000000|CI11|Black|model_data/variants/vinfast_color.csv
VF 3|TI1CV|Eco|CE1W|Urban Mint|Nâng cao|8000000|CI11|Black|model_data/variants/vinfast_color.csv
VF 3|TI1CV|Eco|CE1V|Zenith Grey|Cơ bản|0|CI11|Black|model_data/variants/vinfast_color.csv
VF 3|TI1CV|Eco|CE18|Infinity Blanc|Cơ bản|0|CI11|Black|model_data/variants/vinfast_color.csv
VF 3|TI1CV|Eco|1821|Rose Pink Body - Infinity Blanc Roof|Nâng cao|8000000|CI11|Black|model_data/variants/vinfast_color.csv
VF 3|TI1BV|Plus|CE2Q|Solar Ruby|Cơ bản|0|CI11|Black|model_data/variants/vinfast_color.csv
VF 3|TI1BV|Plus|181U|Summer Yellow Body - Infinity Blanc Roof|Nâng cao|8000000|CI11|Black|model_data/variants/vinfast_color.csv
VF 3|TI1BV|Plus|181Y|Sky Blue - Infinity Blanc Roof|Nâng cao|8000000|CI11|Black|model_data/variants/vinfast_color.csv
VF 3|TI1BV|Plus|CE1W|Urban Mint|Nâng cao|8000000|CI11|Black|model_data/variants/vinfast_color.csv
VF 3|TI1BV|Plus|CE1V|Zenith Grey|Cơ bản|0|CI11|Black|model_data/variants/vinfast_color.csv
VF 3|TI1BV|Plus|CE18|Infinity Blanc|Cơ bản|0|CI11|Black|model_data/variants/vinfast_color.csv
VF 3|TI1BV|Plus|1821|Rose Pink Body - Infinity Blanc Roof|Nâng cao|8000000|CI11|Black|model_data/variants/vinfast_color.csv
VF 5|GA12V|Plus|181Y|Sky Blue - Infinity Blanc Roof|Nâng cao|8000000|CI11|Granite Black|model_data/variants/vinfast_color.csv
VF 5|GA12V|Plus|CE2Q|Solar Ruby|Cơ bản|0|CI11|Granite Black|model_data/variants/vinfast_color.csv
VF 5|GA12V|Plus|111U|Summer Yellow Body - Jet Black Roof|Nâng cao|8000000|CI11|Granite Black|model_data/variants/vinfast_color.csv
VF 5|GA12V|Plus|CE1W|Urban Mint|Nâng cao|8000000|CI11|Granite Black|model_data/variants/vinfast_color.csv
VF 5|GA12V|Plus|CE1V|Zenith Grey|Cơ bản|0|CI11|Granite Black|model_data/variants/vinfast_color.csv
VF 5|GA12V|Plus|CE18|Infinity Blanc|Cơ bản|0|CI11|Granite Black|model_data/variants/vinfast_color.csv
VF 6|JB10V|Eco|CE18|Infinity Blanc|Cơ bản|0|CI11|Black|model_data/variants/vinfast_color.csv
VF 6|JB10V|Eco|CE11|Jet Black|Cơ bản|0|CI11, CI13|Black, Cotton Beige|model_data/variants/vinfast_color.csv
VF 6|JB10V|Eco|CE1V|Zenith Grey|Cơ bản|0|CI11|Black|model_data/variants/vinfast_color.csv
VF 6|JB10V|Eco|CE1W|Urban Mint|Nâng cao|8000000|CI11|Black|model_data/variants/vinfast_color.csv
VF 6|JB10V|Eco|CE2Q|Solar Ruby|Cơ bản|0|CI13, CI11|Cotton Beige, Black|model_data/variants/vinfast_color.csv
VF 6|JB12V|Plus|CE18|Infinity Blanc|Cơ bản|0|CI18|Mocca Brown|model_data/variants/vinfast_color.csv
VF 6|JB12V|Plus|CE11|Jet Black|Cơ bản|0|CI13, CI18|Cotton Beige, Mocca Brown|model_data/variants/vinfast_color.csv
VF 6|JB12V|Plus|CE1V|Zenith Grey|Cơ bản|0|CI18|Mocca Brown|model_data/variants/vinfast_color.csv
VF 6|JB12V|Plus|CE1W|Urban Mint|Nâng cao|8000000|CI18|Mocca Brown|model_data/variants/vinfast_color.csv
VF 6|JB12V|Plus|CE2Q|Solar Ruby|Cơ bản|0|CI13|Cotton Beige|model_data/variants/vinfast_color.csv
VF 7|GC15V|Eco|CE11|Jet Black|Cơ bản|0|CI13, CI11|Cotton Beige, Black|model_data/variants/vinfast_color.csv
VF 7|GC15V|Eco|CE2Q|Solar Ruby|Cơ bản|0|CI11, CI13|Black, Cotton Beige|model_data/variants/vinfast_color.csv
VF 7|GC15V|Eco|CE1W|Urban Mint|Nâng cao|12000000|CI11|Black|model_data/variants/vinfast_color.csv
VF 7|GC15V|Eco|CE1V|Zenith Grey|Cơ bản|0|CI11|Black|model_data/variants/vinfast_color.csv
VF 7|GC15V|Eco|CE18|Infinity Blanc|Cơ bản|0|CI11|Black|model_data/variants/vinfast_color.csv
VF 7|GC12V|Plus|CE11|Jet Black|Cơ bản|0|CI18, CI13|Mocca Brown, Cotton Beige|model_data/variants/vinfast_color.csv
VF 7|GC12V|Plus|CE2Q|Solar Ruby|Cơ bản|0|CI13|Cotton Beige|model_data/variants/vinfast_color.csv
VF 7|GC12V|Plus|CE1W|Urban Mint|Nâng cao|12000000|CI18|Mocca Brown|model_data/variants/vinfast_color.csv
VF 7|GC12V|Plus|CE1V|Zenith Grey|Cơ bản|0|CI18|Mocca Brown|model_data/variants/vinfast_color.csv
VF 7|GC12V|Plus|CE18|Infinity Blanc|Cơ bản|0|CI18|Mocca Brown|model_data/variants/vinfast_color.csv
VF 7|GC12V_CR151|PlusCaptain|CE11|Jet Black|Cơ bản|0|CI18, CI13|Mocca Brown, Cotton Beige|model_data/variants/vinfast_color.csv
VF 7|GC12V_CR151|PlusCaptain|CE2Q|Solar Ruby|Cơ bản|0|CI13|Cotton Beige|model_data/variants/vinfast_color.csv
VF 7|GC12V_CR151|PlusCaptain|CE1W|Urban Mint|Nâng cao|12000000|CI18|Mocca Brown|model_data/variants/vinfast_color.csv
VF 7|GC12V_CR151|PlusCaptain|CE1V|Zenith Grey|Cơ bản|0|CI18|Mocca Brown|model_data/variants/vinfast_color.csv
VF 7|GC12V_CR151|PlusCaptain|CE18|Infinity Blanc|Cơ bản|0|CI18|Mocca Brown|model_data/variants/vinfast_color.csv
VF 7|GC12V_T023|PlusCaptain|CE11|Jet Black|Cơ bản|0|CI18, CI13|Mocca Brown, Cotton Beige|model_data/variants/vinfast_color.csv
VF 7|GC12V_T023|PlusCaptain|CE2Q|Solar Ruby|Cơ bản|0|CI13|Cotton Beige|model_data/variants/vinfast_color.csv
VF 7|GC12V_T023|PlusCaptain|CE1W|Urban Mint|Nâng cao|12000000|CI18|Mocca Brown|model_data/variants/vinfast_color.csv
VF 7|GC12V_T023|PlusCaptain|CE1V|Zenith Grey|Cơ bản|0|CI18|Mocca Brown|model_data/variants/vinfast_color.csv
VF 7|GC12V_T023|PlusCaptain|CE18|Infinity Blanc|Cơ bản|0|CI18|Mocca Brown|model_data/variants/vinfast_color.csv
VF 7|GC12V_CR151_T023|PlusCaptain|CE11|Jet Black|Cơ bản|0|CI18, CI13|Mocca Brown, Cotton Beige|model_data/variants/vinfast_color.csv
VF 7|GC12V_CR151_T023|PlusCaptain|CE2Q|Solar Ruby|Cơ bản|0|CI13|Cotton Beige|model_data/variants/vinfast_color.csv
VF 7|GC12V_CR151_T023|PlusCaptain|CE1W|Urban Mint|Nâng cao|12000000|CI18|Mocca Brown|model_data/variants/vinfast_color.csv
VF 7|GC12V_CR151_T023|PlusCaptain|CE1V|Zenith Grey|Cơ bản|0|CI18|Mocca Brown|model_data/variants/vinfast_color.csv
VF 7|GC12V_CR151_T023|PlusCaptain|CE18|Infinity Blanc|Cơ bản|0|CI18|Mocca Brown|model_data/variants/vinfast_color.csv
VF 8|ND31V|Eco|CE18|Infinity Blanc|Cơ bản|0|CI11|Granite Black|model_data/variants/vinfast_color.csv
VF 8|ND31V|Eco|CE1M|Crimson Red|Cơ bản|0|CI11|Granite Black|model_data/variants/vinfast_color.csv
VF 8|ND31V|Eco|CE11|Jet Black|Cơ bản|0|CI11|Granite Black|model_data/variants/vinfast_color.csv
VF 8|ND31V|Eco|171V|Zenith Grey - Desat Silver Roof|Nâng cao|12000000|CI11|Granite Black|model_data/variants/vinfast_color.csv
VF 8|ND31V|Eco|CE22|Ivy Green|Cơ bản|0|CI11|Granite Black|model_data/variants/vinfast_color.csv
VF 8|ND31V|Eco|1V18|Infinity Blanc - Zenith Grey Roof|Nâng cao|12000000|CI11|Granite Black|model_data/variants/vinfast_color.csv
VF 8|ND31V|Eco|2927|Crimson Velvet - Mystery Bronze Roof|Nâng cao|12000000|CI11|Granite Black|model_data/variants/vinfast_color.csv
VF 8|ND31V|Eco|2911|Jet Black - Mystery Bronze Roof|Nâng cao|12000000|CI11|Granite Black|model_data/variants/vinfast_color.csv
VF 8|ND32V|Plus|CE18|Infinity Blanc|Cơ bản|0|CI11, CI12|Granite Black, Saddle Brown|model_data/variants/vinfast_color.csv
VF 8|ND32V|Plus|CE1M|Crimson Red|Cơ bản|0|CI11|Granite Black|model_data/variants/vinfast_color.csv
VF 8|ND32V|Plus|CE11|Jet Black|Cơ bản|0|CI11, CI12|Granite Black, Saddle Brown|model_data/variants/vinfast_color.csv
VF 8|ND32V|Plus|171V|Zenith Grey - Desat Silver Roof|Nâng cao|12000000|CI11, CI12|Granite Black, Saddle Brown|model_data/variants/vinfast_color.csv
VF 8|ND32V|Plus|CE22|Ivy Green|Cơ bản|0|CI12, CI11|Saddle Brown, Granite Black|model_data/variants/vinfast_color.csv
VF 8|ND32V|Plus|1V18|Infinity Blanc - Zenith Grey Roof|Nâng cao|12000000|CI12, CI11|Saddle Brown, Granite Black|model_data/variants/vinfast_color.csv
VF 8|ND32V|Plus|2927|Crimson Velvet - Mystery Bronze Roof|Nâng cao|12000000|CI11, CI12|Granite Black, Saddle Brown|model_data/variants/vinfast_color.csv
VF 8|ND32V|Plus|2911|Jet Black - Mystery Bronze Roof|Nâng cao|12000000|CI11, CI12|Granite Black, Saddle Brown|model_data/variants/vinfast_color.csv
VF 8 All New|HC11V|The All New|CE33|Starburst Blue|Cơ bản|0|CI12, CI11|Saddle Brown, Black|model_data/variants/vinfast_color.csv
VF 8 All New|HC11V|The All New|1832|Vitality Orange Body - Infinity Blanc Roof|Nâng cao|12000000|CI11|Black|model_data/variants/vinfast_color.csv
VF 8 All New|HC11V|The All New|1833|Starburst Blue Body - Infinity Blanc Roof|Nâng cao|12000000|CI12, CI11|Saddle Brown, Black|model_data/variants/vinfast_color.csv
VF 8 All New|HC11V|The All New|CE11|Jet Black|Cơ bản|0|CI11, CI12|Black, Saddle Brown|model_data/variants/vinfast_color.csv
VF 8 All New|HC11V|The All New|CE32|Vitality Orange|Nâng cao|12000000|CI11|Black|model_data/variants/vinfast_color.csv
VF 8 All New|HC11V|The All New|112Q|Solar Ruby Body - Jet Black Roof|Nâng cao|12000000|CI11|Black|model_data/variants/vinfast_color.csv
VF 8 All New|HC11V|The All New|3111|Jet Black Body - Stealth Gray Roof|Nâng cao|12000000|CI11, CI12|Black, Saddle Brown|model_data/variants/vinfast_color.csv
VF 8 All New|HC11V|The All New|CE2O|Mysterioso Purple|Nâng cao|12000000|CI11|Black|model_data/variants/vinfast_color.csv
VF 8 All New|HC11V|The All New|1132|Vitality Orange Body - Jet Black Roof|Nâng cao|12000000|CI11|Black|model_data/variants/vinfast_color.csv
VF 8 All New|HC11V|The All New|CE18|Infinity Blanc|Cơ bản|0|CI11, CI12|Black, Saddle Brown|model_data/variants/vinfast_color.csv
VF 8 All New|HC11V|The All New|CE2Q|Solar Ruby|Cơ bản|0|CI11|Black|model_data/variants/vinfast_color.csv
VF 8 All New|HC11V|The All New|312O|Mysterioso Purple Body - Stealth Gray Roof|Nâng cao|12000000|CI11|Black|model_data/variants/vinfast_color.csv
VF 9|NE3LV|Eco|CE18|Infinity Blanc|Cơ bản|0|CI11|Granite Black|model_data/variants/vinfast_color.csv
VF 9|NE3LV|Eco|CE1M|Crimson Red|Cơ bản|0|CI11, CI13|Granite Black, Cotton Beige|model_data/variants/vinfast_color.csv
VF 9|NE3LV|Eco|CE1W|Urban Mint|Cơ bản|0|CI11|Granite Black|model_data/variants/vinfast_color.csv
VF 9|NE3LV|Eco|CE11|Jet Black|Cơ bản|0|CI11, CI13|Granite Black, Cotton Beige|model_data/variants/vinfast_color.csv
VF 9|NE3LV|Eco|CE22|Ivy Green|Nâng cao|12000000|CI11, CI13|Granite Black, Cotton Beige|model_data/variants/vinfast_color.csv
VF 9|NE3LV|Eco|CE1V|Zenith Grey|Cơ bản|0|CI11|Granite Black|model_data/variants/vinfast_color.csv
VF 9|NE3LV|Eco|CE17|Desat Silver|Nâng cao|12000000|CI11|Granite Black|model_data/variants/vinfast_color.csv
VF 9|NE3MV|Plus|CE18|Infinity Blanc|Cơ bản|0|CI12, CI11|Saddle Brown, Granite Black|model_data/variants/vinfast_color.csv
VF 9|NE3MV|Plus|CE1M|Crimson Red|Cơ bản|0|CI11, CI13|Granite Black, Cotton Beige|model_data/variants/vinfast_color.csv
VF 9|NE3MV|Plus|CE1W|Urban Mint|Cơ bản|0|CI11, CI12|Granite Black, Saddle Brown|model_data/variants/vinfast_color.csv
VF 9|NE3MV|Plus|CE11|Jet Black|Cơ bản|0|CI11, CI13, CI12|Granite Black, Cotton Beige, Saddle Brown|model_data/variants/vinfast_color.csv
VF 9|NE3MV|Plus|CE22|Ivy Green|Nâng cao|12000000|CI12, CI11, CI13|Saddle Brown, Granite Black, Cotton Beige|model_data/variants/vinfast_color.csv
VF 9|NE3MV|Plus|CE1V|Zenith Grey|Cơ bản|0|CI11, CI12|Granite Black, Saddle Brown|model_data/variants/vinfast_color.csv
VF 9|NE3MV|Plus|CE17|Desat Silver|Nâng cao|12000000|CI12, CI11|Saddle Brown, Granite Black|model_data/variants/vinfast_color.csv
VF 9|NE3NV|Plus|CE18|Infinity Blanc|Cơ bản|0|CI11, CI12|Granite Black, Saddle Brown|model_data/variants/vinfast_color.csv
VF 9|NE3NV|Plus|CE1M|Crimson Red|Cơ bản|0|CI11, CI13|Granite Black, Cotton Beige|model_data/variants/vinfast_color.csv
VF 9|NE3NV|Plus|CE1W|Urban Mint|Cơ bản|0|CI11, CI12|Granite Black, Saddle Brown|model_data/variants/vinfast_color.csv
VF 9|NE3NV|Plus|CE11|Jet Black|Cơ bản|0|CI13, CI12, CI11|Cotton Beige, Saddle Brown, Granite Black|model_data/variants/vinfast_color.csv
VF 9|NE3NV|Plus|CE22|Ivy Green|Nâng cao|12000000|CI13, CI12, CI11|Cotton Beige, Saddle Brown, Granite Black|model_data/variants/vinfast_color.csv
VF 9|NE3NV|Plus|CE1V|Zenith Grey|Cơ bản|0|CI11, CI12|Granite Black, Saddle Brown|model_data/variants/vinfast_color.csv
VF 9|NE3NV|Plus|CE17|Desat Silver|Nâng cao|12000000|CI12, CI11|Saddle Brown, Granite Black|model_data/variants/vinfast_color.csv
VF MPV 7|SL1WV|Eco|CE1V|Zenith Grey|Cơ bản|0|CI11, CI18|Black, Mocca Brown|model_data/variants/vinfast_color.csv
VF MPV 7|SL1WV|Eco|CE2J|Moonlit Ocean|Nâng cao|10000000|CI18, CI11|Mocca Brown, Black|model_data/variants/vinfast_color.csv
VF MPV 7|SL1WV|Eco|CE11|Jet Black|Cơ bản|0|CI18, CI11|Mocca Brown, Black|model_data/variants/vinfast_color.csv
VF MPV 7|SL1WV|Eco|CE18|Infinity Blanc|Cơ bản|0|CI18, CI11|Mocca Brown, Black|model_data/variants/vinfast_color.csv
VF MPV 7|SL1WV|Eco|CE2Q|Solar Ruby|Cơ bản|0|CI11|Black|model_data/variants/vinfast_color.csv
VF MPV 7|SL1WV|Eco|CE2N|Introspective Brown|Nâng cao|10000000|CI11|Black|model_data/variants/vinfast_color.csv
